<?xml version="1.0"?>
<!DOCTYPE hibernate-mapping PUBLIC "-//Hibernate/Hibernate Mapping DTD 3.0//EN"
"http://hibernate.sourceforge.net/hibernate-mapping-3.0.dtd">
<hibernate-mapping package="Domains">
  <class name="Address" table="address_table" optimistic-lock="version">
  	 <id name="idAdress" type="long" column="ID_CONTACT" >
  	 	<!-- <generator class="foreign">
			<param name="property">contact</param>
		</generator>-->
		<generator class="increment"/>
  	 </id>
  	 
  	 <version name="version" type="long" />
  	 
  	<!-- <one-to-one name="contact" class="Contact"/>-->
  	 		
	 <property name="street" type="string">
            <column name="street"  not-null="true" unique="false" />
    </property>
     <property name="city" type="string">
            <column name="city"  not-null="true" unique="false" />
    </property>
    	 <property name="zip" type="string">
            <column name="zip"  not-null="true" unique="false" />
    </property>
    	 <property name="country" type="string">
            <column name="country"  not-null="true" unique="false" />
    </property>
     
  </class>
</hibernate-mapping>
