<?xml version="1.0"?>
<!DOCTYPE hibernate-mapping PUBLIC "-//Hibernate/Hibernate Mapping DTD 3.0//EN"
"http://hibernate.sourceforge.net/hibernate-mapping-3.0.dtd">
<hibernate-mapping package="Domains">
  <class name="ContactGroup" table="contactGroup_table" optimistic-lock="version">
  	<id name="idContactGroup" type="long" column="ID_CONTACTGROUP" >
   		<generator class="increment"/>
  	</id>
  	 
  	<version name="version" type="long" />
  	 		
 	<property name="groupName" type="string">
  		<column name="groupName" not-null="true" />
	</property>
        
	<set name="contacts" table="possedent" lazy="false">
		<key column="ID_CONTACTGROUP" />
		<many-to-many class="Contact" column="ID_CONTACT" />
	</set>

  </class>
</hibernate-mapping>
