<?xml version="1.0"?>
<!DOCTYPE hibernate-mapping PUBLIC "-//Hibernate/Hibernate Mapping DTD 3.0//EN"
"http://hibernate.sourceforge.net/hibernate-mapping-3.0.dtd">
<hibernate-mapping package="Domains">
  <class name="PhoneNumber" table="phoneNumber_table" optimistic-lock="version">
  	<id name="idPhoneNumber" type="long" column="ID_PHONENUMBER" >
   		<generator class="increment"/>
  	</id>
  	 
  	<version name="version" type="long" />
  	
  	<property name="phoneKind" type="string">
    	<column name="phoneKind" not-null="true" />
    </property>
       
	<property name="phoneNumber" type="string">
    	<column name="phoneNumber" not-null="true" />
    </property>
  	<many-to-one name="contact" column="contacts" update="false"/>
  
  </class>
</hibernate-mapping>
